"","variables","AUCtest","lower","upper"
"main_riv","main_riv",0.0303083333333333,0.0112303638972555,0.0493863027694112
"dist_dn_km","dist_dn_km",0.0615983333333333,0.0196615423274098,0.103535124339257
"ord_flow","ord_flow",0.323656666666667,0.258736576986277,0.388576756347056
"bio_4","bio_4",0.0211066666666667,0.0067729195397623,0.035440413793571
"bio_5","bio_5",0.0455883333333333,0.0231595752398569,0.0680170914268098
"bio_8","bio_8",0.276343333333333,0.153383278161442,0.399303388505224
"bio_13","bio_13",0.04568,0.0162410679733352,0.0751189320266648
