"","variables","corTest","lower","upper"
"main_riv","main_riv",0.0596266666666667,0.0114612319345548,0.107792101398779
"dist_dn_km","dist_dn_km",0.1261225,0.05364514054073,0.19859985945927
"ord_flow","ord_flow",0.485224166666667,0.385088722478934,0.585359610854399
"bio_4","bio_4",0.0603175,0.0265429906990842,0.0940920093009158
"bio_5","bio_5",0.111340833333333,0.0537707348970042,0.168910931769662
"bio_8","bio_8",0.345953333333333,0.161510203025871,0.530396463640796
"bio_13","bio_13",0.10022,0.0452646596135714,0.155175340386429
