"","variables","AUCtest","lower","upper"
"main_riv","main_riv",0.0318366666666667,0.00568925567407151,0.0579840776592618
"dist_dn_km","dist_dn_km",0.0655166666666667,0.028821350540918,0.102211982792415
"ord_flow","ord_flow",0.325793333333333,0.249924375062833,0.401662291603834
"bio_4","bio_4",0.0232533333333333,0.00839477067727802,0.0381118959893886
"bio_5","bio_5",0.0479433333333333,0.0200631650180904,0.0758235016485762
"bio_8","bio_8",0.261968333333333,0.132545135942242,0.391391530724424
"bio_13","bio_13",0.0454616666666667,0.0133193780704276,0.0776039552629058
