"","variables","corTest","lower","upper"
"main_riv","main_riv",0.0601016666666667,0.000145408490703547,0.12005792484263
"dist_dn_km","dist_dn_km",0.123763333333333,0.0414081694524268,0.20611849721424
"ord_flow","ord_flow",0.470455,0.37350152674219,0.56740847325781
"bio_4","bio_4",0.0533516666666667,0.0234931326280818,0.0832102007052516
"bio_5","bio_5",0.110325833333333,0.0592724234722945,0.161379243194372
"bio_8","bio_8",0.378608333333333,0.192583726507711,0.564632940158956
"bio_13","bio_13",0.0877825,0.0362640560800852,0.139300943919915
